{
  "project_info": {
    "project_number": "16734250330",
    "project_id": "grabmedicine-project",
    "storage_bucket": "grabmedicine-project.appspot.com"
  },
  "client": [
    {
      "client_info": {
        "mobilesdk_app_id": "1:16734250330:android:3940434c457a8a62f3bf63",
        "android_client_info": {
          "package_name": "com.project.grabmedicine"
        }
      },
      "oauth_client": [
        {
          "client_id": "16734250330-lolb2abaok88k5brvfuul97ban67ct3i.apps.googleusercontent.com",
          "client_type": 1,
          "android_info": {
            "package_name": "com.project.grabmedicine",
            "certificate_hash": "135048bdc4716bc4ffc8588b5d379ff2e2d72139"
          }
        },
        {
          "client_id": "16734250330-smn2jpmnvhgb2kdvmvd9f1shcollotfu.apps.googleusercontent.com",
          "client_type": 3
        }
      ],
      "api_key": [
        {
          "current_key": "AIzaSyCQNFCuFCoBCD7LlQoW-LSvQwgxWK6Kdtg"
        }
      ],
      "services": {
        "appinvite_service": {
          "other_platform_oauth_client": [
            {
              "client_id": "16734250330-smn2jpmnvhgb2kdvmvd9f1shcollotfu.apps.googleusercontent.com",
              "client_type": 3
            }
          ]
        }
      }
    },
    {
      "client_info": {
        "mobilesdk_app_id": "1:16734250330:android:f78085899758ca10f3bf63",
        "android_client_info": {
          "package_name": "com.project.grabmedicine_delivery"
        }
      },
      "oauth_client": [
        {
          "client_id": "16734250330-30i6jh24rib57d7ntguo5n3i0nmnto7s.apps.googleusercontent.com",
          "client_type": 1,
          "android_info": {
            "package_name": "com.project.grabmedicine_delivery",
            "certificate_hash": "84f18ee01adc8de7148cc0968f8943db8a1f7a82"
          }
        },
        {
          "client_id": "16734250330-smn2jpmnvhgb2kdvmvd9f1shcollotfu.apps.googleusercontent.com",
          "client_type": 3
        }
      ],
      "api_key": [
        {
          "current_key": "AIzaSyCQNFCuFCoBCD7LlQoW-LSvQwgxWK6Kdtg"
        }
      ],
      "services": {
        "appinvite_service": {
          "other_platform_oauth_client": [
            {
              "client_id": "16734250330-smn2jpmnvhgb2kdvmvd9f1shcollotfu.apps.googleusercontent.com",
              "client_type": 3
            }
          ]
        }
      }
    },
    {
      "client_info": {
        "mobilesdk_app_id": "1:16734250330:android:5814716f19d0070ff3bf63",
        "android_client_info": {
          "package_name": "com.project.grabmedicine_store"
        }
      },
      "oauth_client": [
        {
          "client_id": "16734250330-tg911l8rn8j147oabh2thp4i2p314dgl.apps.googleusercontent.com",
          "client_type": 1,
          "android_info": {
            "package_name": "com.project.grabmedicine_store",
            "certificate_hash": "296a726f6d5d5dff27c598848f8157c513fead3c"
          }
        },
        {
          "client_id": "16734250330-smn2jpmnvhgb2kdvmvd9f1shcollotfu.apps.googleusercontent.com",
          "client_type": 3
        }
      ],
      "api_key": [
        {
          "current_key": "AIzaSyCQNFCuFCoBCD7LlQoW-LSvQwgxWK6Kdtg"
        }
      ],
      "services": {
        "appinvite_service": {
          "other_platform_oauth_client": [
            {
              "client_id": "16734250330-smn2jpmnvhgb2kdvmvd9f1shcollotfu.apps.googleusercontent.com",
              "client_type": 3
            }
          ]
        }
      }
    }
  ],
  "configuration_version": "1"
}